[{"cname":"San Marino","lifetotal":"83.1593791574279"},{"cname":"Hong Kong SAR, China","lifetotal":"82.9780487804878"},{"cname":"Japan","lifetotal":"82.8426829268293"},{"cname":"Switzerland","lifetotal":"82.24634146341471"},{"cname":"Italy","lifetotal":"82.0365853658537"}][{"cname":"San Marino","lifetotal":"83.1593791574279"},{"cname":"\"Hong Kong SAR, China\"","lifetotal":"82.9780487804878"},{"cname":"Japan","lifetotal":"82.8426829268293"},{"cname":"Switzerland","lifetotal":"82.24634146341471"},{"cname":"Italy","lifetotal":"82.0365853658537"}][{"cname":"San Marino","lifetotal":"83.1593791574279"},{"cname":"\"Hong Kong SAR, China\"","lifetotal":"82.9780487804878"},{"cname":"Japan","lifetotal":"82.8426829268293"},{"cname":"Switzerland","lifetotal":"82.24634146341471"},{"cname":"Italy","lifetotal":"82.0365853658537"}]
